{"Display Name Change": [{"Date": "2019-11-18 00:51:43 UTC", "Display Name": "Olivia\ud83d\udc8b"}, {"Date": "2019-11-18 00:42:07 UTC", "Display Name": "Olivia\u2764\ufe0f"}, {"Date": "2016-03-27 23:34:23 UTC", "Display Name": "Olivia"}, {"Date": "2016-03-27 23:34:02 UTC", "Display Name": "Olivia"}], "Email Change": [], "Mobile Number Change": [{"Date": "2016-03-27 23:35:11 UTC", "Mobile Number": "+16472376270"}], "Password Change": [{"Date": "2019-11-19 04:55:51 UTC"}, {"Date": "2019-11-19 04:54:16 UTC"}, {"Date": "2019-11-18 19:59:52 UTC"}, {"Date": "2019-11-18 08:00:18 UTC"}, {"Date": "2019-11-16 18:57:33 UTC"}, {"Date": "2019-11-16 04:36:58 UTC"}, {"Date": "2019-11-09 23:30:57 UTC"}, {"Date": "2018-03-17 08:55:55 UTC"}, {"Date": "2017-04-19 04:37:40 UTC"}, {"Date": "2017-04-19 04:35:33 UTC"}, {"Date": "2016-10-09 18:30:12 UTC"}], "Snapchat Linked to Bitmoji": [], "Spectacles": [], "Two-Factor Authentication": [], "Account deactivated / reactivated": []}