{"Friends": [{"Username": "robpm1111", "Display Name": "boo"}, {"Username": "jamiemota19", "Display Name": "Jamie"}, {"Username": "mrmyerss", "Display Name": "Adrian"}, {"Username": "johnbuczny1", "Display Name": "Dad"}, {"Username": "stephaniepelly", "Display Name": "Steph Pelly"}, {"Username": "nichols7", "Display Name": "Nichols \ud83c\udf7a"}, {"Username": "ddeluca4", "Display Name": ""}, {"Username": "con_cronin", "Display Name": "Conor Cronin"}, {"Username": "m.armanious", "Display Name": "Miriam"}, {"Username": "jkehoee", "Display Name": "Jesse Kehoe"}, {"Username": "kookoocal", "Display Name": "Cal"}, {"Username": "xkilla.cx", "Display Name": "Chanelle"}, {"Username": "jbuczny89", "Display Name": "Johnny"}, {"Username": "mariacenzina", "Display Name": "Maria"}, {"Username": "teychii", "Display Name": "Mateya"}, {"Username": "bryanalorda", "Display Name": "Bryan"}, {"Username": "thisisshmomza", "Display Name": "Drew"}, {"Username": "nadadona", "Display Name": "Nada"}, {"Username": "melissasyd", "Display Name": "Melissa Boyd"}, {"Username": "oliviabucz", "Display Name": "Olivia\ud83d\udc8b"}, {"Username": "mrcorbss", "Display Name": "Corbin"}, {"Username": "jamie_mota19", "Display Name": "Jamie"}, {"Username": "boznat", "Display Name": "bozic"}, {"Username": "juuliatomlinson", "Display Name": "Julia"}, {"Username": "juleezz91", "Display Name": "Julio"}, {"Username": "gill7667", "Display Name": "Sukhjinder Singh Gill"}, {"Username": "mikebabiak", "Display Name": "Babiak"}, {"Username": "khutzz", "Display Name": "Katrina"}], "Friend Requests Sent": [{"Username": "jesspala", "Display Name": "Jess P"}, {"Username": "teamsnapchat", "Display Name": "Team Snapchat"}, {"Username": "kylizzlemynizzl", "Display Name": "King Kylie"}, {"Username": "helenhoangg", "Display Name": "Helen Hoang"}, {"Username": "cleggggy", "Display Name": "Clegg"}, {"Username": "kimkardashian", "Display Name": "Kim Kardashian"}, {"Username": "kendalljenner", "Display Name": "Kendall Jenner"}, {"Username": "chrisriz1", "Display Name": "Chris"}, {"Username": "rickthesizzler", "Display Name": "Rickthecrippler"}, {"Username": "mattybattz", "Display Name": "Matty"}], "Blocked Users": [], "Deleted Friends": [{"Username": "bullet_bullet", "Display Name": ""}, {"Username": "jolnn3", "Display Name": "Jazz"}, {"Username": "avivba", "Display Name": ""}, {"Username": "stefanieceleste", "Display Name": "Steff"}, {"Username": "m.faread", "Display Name": "M.faread"}, {"Username": "jbrownerrrr", "Display Name": ""}, {"Username": "amandakrist", "Display Name": "Amanda"}, {"Username": "realchadjohnson", "Display Name": "Chad Johnson"}, {"Username": "burkemckenzie", "Display Name": "Burke"}, {"Username": "kyle_joao", "Display Name": "Kyle"}, {"Username": "julianjuna", "Display Name": "julz\ud83d\ude01\ud83d\ude01\ud83d\ude01"}, {"Username": "jbuczny", "Display Name": "Johnny Buczny"}, {"Username": "dcaressa", "Display Name": "Dylan"}, {"Username": "lo0p", "Display Name": ""}, {"Username": "mohit607", "Display Name": "Mohit Kansotia\ud83c\udde8\ud83c\udde6"}, {"Username": "a.grieco", "Display Name": "Grieco"}, {"Username": "krukprally", "Display Name": ""}, {"Username": "maniayat", "Display Name": ""}, {"Username": "nimaayat", "Display Name": ""}, {"Username": "nickkdb17", "Display Name": "NickyGambino"}, {"Username": "miirandasej", "Display Name": "Miranda"}, {"Username": "bethhhroll", "Display Name": "Beth"}, {"Username": "hortajessica", "Display Name": "Jessica Horta"}, {"Username": "dvbbs", "Display Name": "DVBBS"}]}