[{"Date and time (hourly)": "2019-11-16 20:00:00 UTC", "Search Term": "juli", "Location": ""}, {"Date and time (hourly)": "2019-11-16 20:00:00 UTC", "Search Term": "jul", "Location": ""}, {"Date and time (hourly)": "2019-11-16 20:00:00 UTC", "Search Term": "ju", "Location": ""}, {"Date and time (hourly)": "2019-11-16 20:00:00 UTC", "Search Term": "j", "Location": ""}, {"Date and time (hourly)": "2019-11-15 22:00:00 UTC", "Search Term": "julianjuna", "Location": ""}, {"Date and time (hourly)": "2019-11-15 22:00:00 UTC", "Search Term": "julianjun", "Location": ""}, {"Date and time (hourly)": "2019-11-15 22:00:00 UTC", "Search Term": "julianju", "Location": ""}, {"Date and time (hourly)": "2019-11-15 22:00:00 UTC", "Search Term": "julianj", "Location": ""}, {"Date and time (hourly)": "2019-11-15 22:00:00 UTC", "Search Term": "julian", "Location": ""}, {"Date and time (hourly)": "2019-11-15 22:00:00 UTC", "Search Term": "julia", "Location": ""}, {"Date and time (hourly)": "2019-11-15 22:00:00 UTC", "Search Term": "juli", "Location": ""}, {"Date and time (hourly)": "2019-11-15 22:00:00 UTC", "Search Term": "jul", "Location": ""}, {"Date and time (hourly)": "2019-11-15 22:00:00 UTC", "Search Term": "ju", "Location": ""}, {"Date and time (hourly)": "2019-11-15 22:00:00 UTC", "Search Term": "j", "Location": ""}, {"Date and time (hourly)": "2019-11-17 05:00:00 UTC", "Search Term": "ju", "Location": ""}, {"Date and time (hourly)": "2019-11-17 05:00:00 UTC", "Search Term": "j", "Location": ""}, {"Date and time (hourly)": "2019-11-17 05:00:00 UTC", "Search Term": "ju", "Location": ""}, {"Date and time (hourly)": "2019-11-17 05:00:00 UTC", "Search Term": "j", "Location": ""}, {"Date and time (hourly)": "2019-11-17 00:00:00 UTC", "Search Term": "juli", "Location": ""}, {"Date and time (hourly)": "2019-11-17 00:00:00 UTC", "Search Term": "jul", "Location": ""}, {"Date and time (hourly)": "2019-11-17 00:00:00 UTC", "Search Term": "ju", "Location": ""}, {"Date and time (hourly)": "2019-11-17 00:00:00 UTC", "Search Term": "j", "Location": ""}, {"Date and time (hourly)": "2019-11-17 06:00:00 UTC", "Search Term": "ju", "Location": ""}, {"Date and time (hourly)": "2019-11-17 06:00:00 UTC", "Search Term": "j", "Location": ""}, {"Date and time (hourly)": "2019-11-18 01:00:00 UTC", "Search Term": "ju", "Location": ""}, {"Date and time (hourly)": "2019-11-18 01:00:00 UTC", "Search Term": "j", "Location": ""}, {"Date and time (hourly)": "2019-11-17 06:00:00 UTC", "Search Term": "jul", "Location": ""}, {"Date and time (hourly)": "2019-11-17 06:00:00 UTC", "Search Term": "ju", "Location": ""}, {"Date and time (hourly)": "2019-11-17 06:00:00 UTC", "Search Term": "j", "Location": ""}, {"Date and time (hourly)": "2019-11-18 00:00:00 UTC", "Search Term": "ju", "Location": ""}, {"Date and time (hourly)": "2019-11-18 00:00:00 UTC", "Search Term": "j", "Location": ""}, {"Date and time (hourly)": "2019-11-18 14:00:00 UTC", "Search Term": "ju", "Location": ""}, {"Date and time (hourly)": "2019-11-18 14:00:00 UTC", "Search Term": "j", "Location": ""}, {"Date and time (hourly)": "2019-11-17 05:00:00 UTC", "Search Term": "ju", "Location": ""}, {"Date and time (hourly)": "2019-11-17 05:00:00 UTC", "Search Term": "j", "Location": ""}, {"Date and time (hourly)": "2019-11-18 00:00:00 UTC", "Search Term": "ju", "Location": ""}, {"Date and time (hourly)": "2019-11-18 00:00:00 UTC", "Search Term": "j", "Location": ""}, {"Date and time (hourly)": "2019-11-17 07:00:00 UTC", "Search Term": "ju", "Location": ""}, {"Date and time (hourly)": "2019-11-17 07:00:00 UTC", "Search Term": "j", "Location": ""}, {"Date and time (hourly)": "2019-11-17 02:00:00 UTC", "Search Term": "ju", "Location": ""}, {"Date and time (hourly)": "2019-11-17 02:00:00 UTC", "Search Term": "j", "Location": ""}, {"Date and time (hourly)": "2019-11-18 00:00:00 UTC", "Search Term": "j", "Location": ""}, {"Date and time (hourly)": "2019-11-16 23:00:00 UTC", "Search Term": "juli", "Location": ""}, {"Date and time (hourly)": "2019-11-16 23:00:00 UTC", "Search Term": "jul", "Location": ""}, {"Date and time (hourly)": "2019-11-16 23:00:00 UTC", "Search Term": "ju", "Location": ""}, {"Date and time (hourly)": "2019-11-16 23:00:00 UTC", "Search Term": "j", "Location": ""}, {"Date and time (hourly)": "2019-11-17 03:00:00 UTC", "Search Term": "ju", "Location": ""}, {"Date and time (hourly)": "2019-11-17 03:00:00 UTC", "Search Term": "j", "Location": ""}, {"Date and time (hourly)": "2019-11-17 06:00:00 UTC", "Search Term": "ju", "Location": ""}, {"Date and time (hourly)": "2019-11-17 06:00:00 UTC", "Search Term": "j", "Location": ""}, {"Date and time (hourly)": "2019-11-16 23:00:00 UTC", "Search Term": "juli", "Location": ""}, {"Date and time (hourly)": "2019-11-16 23:00:00 UTC", "Search Term": "jul", "Location": ""}, {"Date and time (hourly)": "2019-11-16 23:00:00 UTC", "Search Term": "ju", "Location": ""}, {"Date and time (hourly)": "2019-11-16 23:00:00 UTC", "Search Term": "j", "Location": ""}, {"Date and time (hourly)": "2019-11-18 00:00:00 UTC", "Search Term": "frank gutta", "Location": ""}, {"Date and time (hourly)": "2019-11-18 00:00:00 UTC", "Search Term": "frank gutt", "Location": ""}, {"Date and time (hourly)": "2019-11-18 00:00:00 UTC", "Search Term": "frank gut", "Location": ""}, {"Date and time (hourly)": "2019-11-18 00:00:00 UTC", "Search Term": "frank gu", "Location": ""}, {"Date and time (hourly)": "2019-11-18 00:00:00 UTC", "Search Term": "frank g", "Location": ""}, {"Date and time (hourly)": "2019-11-18 00:00:00 UTC", "Search Term": "frank ", "Location": ""}, {"Date and time (hourly)": "2019-11-18 00:00:00 UTC", "Search Term": "frank", "Location": ""}, {"Date and time (hourly)": "2019-11-18 00:00:00 UTC", "Search Term": "fran", "Location": ""}, {"Date and time (hourly)": "2019-11-18 00:00:00 UTC", "Search Term": "frann", "Location": ""}, {"Date and time (hourly)": "2019-11-18 00:00:00 UTC", "Search Term": "fran", "Location": ""}, {"Date and time (hourly)": "2019-11-18 00:00:00 UTC", "Search Term": "fra", "Location": ""}, {"Date and time (hourly)": "2019-11-18 00:00:00 UTC", "Search Term": "fr", "Location": ""}, {"Date and time (hourly)": "2019-11-18 00:00:00 UTC", "Search Term": "f", "Location": ""}, {"Date and time (hourly)": "2019-11-16 19:00:00 UTC", "Search Term": "julianjuna", "Location": ""}, {"Date and time (hourly)": "2019-11-16 19:00:00 UTC", "Search Term": "julianjun", "Location": ""}, {"Date and time (hourly)": "2019-11-16 19:00:00 UTC", "Search Term": "julianju", "Location": ""}, {"Date and time (hourly)": "2019-11-16 19:00:00 UTC", "Search Term": "julianj", "Location": ""}, {"Date and time (hourly)": "2019-11-16 19:00:00 UTC", "Search Term": "julian", "Location": ""}, {"Date and time (hourly)": "2019-11-16 19:00:00 UTC", "Search Term": "julia", "Location": ""}, {"Date and time (hourly)": "2019-11-16 19:00:00 UTC", "Search Term": "juli", "Location": ""}, {"Date and time (hourly)": "2019-11-16 19:00:00 UTC", "Search Term": "jul", "Location": ""}, {"Date and time (hourly)": "2019-11-16 19:00:00 UTC", "Search Term": "ju", "Location": ""}, {"Date and time (hourly)": "2019-11-16 19:00:00 UTC", "Search Term": "j", "Location": ""}]