{"Received Snap History": [{"From": "julianjuna", "Media Type": "VIDEO", "Created": "2019-11-13 17:31:37 UTC"}, {"From": "julianjuna", "Media Type": "VIDEO", "Created": "2019-11-11 05:42:08 UTC"}, {"From": "julianjuna", "Media Type": "IMAGE", "Created": "2019-11-10 18:48:15 UTC"}, {"From": "teamsnapchat", "Media Type": "VIDEO", "Created": "2019-10-31 17:47:50 UTC"}, {"From": "julianjuna", "Media Type": "VIDEO", "Created": "2019-10-22 03:26:24 UTC"}, {"From": "julianjuna", "Media Type": "VIDEO", "Created": "2019-10-22 03:26:23 UTC"}, {"From": "julianjuna", "Media Type": "VIDEO", "Created": "2019-10-22 03:25:32 UTC"}, {"From": "julianjuna", "Media Type": "VIDEO", "Created": "2019-10-22 03:25:28 UTC"}, {"From": "julianjuna", "Media Type": "VIDEO", "Created": "2019-10-22 03:25:26 UTC"}], "Sent Snap History": [{"To": "julianjuna", "Media Type": "IMAGE", "Created": "2019-11-18 01:29:10 UTC"}, {"To": "julianjuna", "Media Type": "VIDEO", "Created": "2019-11-11 05:54:54 UTC"}, {"To": "julianjuna", "Media Type": "VIDEO", "Created": "2019-11-11 05:54:53 UTC"}]}