{"Snap Inc. Terms of Service": [{"Version": "Snap Privacy Policy & Terms of Service - September 26, 2017", "Acceptance Date": "2017-09-28 18:12:59 UTC"}, {"Version": "Snapchat Privacy Policy & Terms of Service - March 29, 2016", "Acceptance Date": "2016-03-31 02:00:05 UTC"}, {"Version": "Snap Privacy Policy & Terms of Service - September 30, 2019", "Acceptance Date": "2019-11-09 23:31:40 UTC"}, {"Version": "Snapchat Privacy Policy & Terms of Service - October 28, 2015", "Acceptance Date": "2016-03-27 23:32:17 UTC"}, {"Version": "Memories Terms of Service", "Acceptance Date": "2016-10-09 18:30:43 UTC"}, {"Version": "Snap Privacy Policy & Terms of Service - September 26, 2016", "Acceptance Date": "2016-10-09 18:30:42 UTC"}, {"Version": "Snap Privacy Policy & Terms of Service - January 10, 2017", "Acceptance Date": "2017-01-11 01:30:30 UTC"}, {"Version": "Snap Terms of Service - February 18, 2019", "Acceptance Date": "2019-03-02 23:27:43 UTC"}], "Custom Creative Tools Terms": [], "Business Services Terms": [], "Games Terms": []}